<?xml version="1.0" encoding="UTF-8"?>
<project-private xmlns="http://www.netbeans.org/ns/project-private/1">
    <editor-bookmarks xmlns="http://www.netbeans.org/ns/editor-bookmarks/2" lastBookmarkId="0"/>
    <open-files xmlns="http://www.netbeans.org/ns/projectui-open-files/2">
        <group>
            <file>file:/C:/Users/HARMEET/Desktop/Secureusb/SecureUSB/src/EncryptionDecryption/compr.java</file>
            <file>file:/C:/Users/HARMEET/Desktop/Secureusb/SecureUSB/src/EncryptionDecryption/Decryption.java</file>
            <file>file:/C:/Users/HARMEET/Desktop/Secureusb/SecureUSB/src/EncryptionDecryption/Encryption.java</file>
            <file>file:/C:/Users/HARMEET/Desktop/Secureusb/SecureUSB/src/EncryptionDecryption/CryptoUtils.java</file>
            <file>file:/C:/Users/HARMEET/Desktop/Secureusb/SecureUSB/src/EncryptionDecryption/searchDir.java</file>
            <file>file:/C:/Users/HARMEET/Desktop/Secureusb/SecureUSB/src/front/FindCertainExtension.java</file>
            <file>file:/C:/Users/HARMEET/Desktop/Secureusb/SecureUSB/src/EncryptionDecryption/fileHiding.java</file>
            <file>file:/C:/Users/HARMEET/Desktop/Secureusb/SecureUSB/src/main.java</file>
            <file>file:/C:/Users/HARMEET/Desktop/Secureusb/SecureUSB/src/EncryptionDecryption/CryptoUtilsTest.java</file>
            <file>file:/C:/Users/HARMEET/Desktop/Secureusb/SecureUSB/src/EncryptionDecryption/CryptoException.java</file>
            <file>file:/C:/Users/HARMEET/Desktop/Secureusb/SecureUSB/src/EncryptionDecryption/accu.java</file>
        </group>
    </open-files>
</project-private>
